Protein	Motif	Methods_Used	Num_Methods	Composite_Score	Score_Components	Sequences	Motif_Sequence
MYL2	motif_12	MEME	1	2.901	MEME: 7.25	IDEMIK	LSDIIQ
MYL2	motif_13	MEME	1	2.75	MEME: 6.88	IDEMIK	LSSLIQ
MYBPC	motif_9	MEME	1	2.512	MEME: 6.28	SFVPEGFAC	FKVGHGLAC
MYBPC	motif_10	MEME, MEME	2	2.26	MEME: 5.65	GQEIQMSGSKYIF; GQALAELIVQEKK	GLALSDLIQKYFF
MYBPC	motif_14	MEME, MEME	2	2.076	MEME: 5.19	GQEIQMSGSKYIF; GQALAELIVQEKK	GTVLSDIIQKYFF
MYBPC	motif_2	MEME	1	1.796	MEME: 4.49	NFDLIQ	LSDLIQ
MYL2	motif_10	MEME	1	1.755	MEME: 4.39	NEEIDEMIKEAPG	GLALSDLIQKYFF
MYBPC	motif_13	MEME	1	1.745	MEME: 4.36	LAELIV	LSSLIQ
ABLIM1	motif_1	MEME	1	1.642	MEME: 4.10	KVCGCDLAQGGFF	GLALSDLIQKYFF
MYL2	GTVLSDIIQKYFF	BLAST+MSA	1	0.49	MSA: 13.0; ID: 50.0%	TILN	
MYL2	GLALSDLIQKYFF	BLAST+MSA	1	0.389	MSA: 12.0; ID: 14.3%	IDEMIKE	
